<?xml version="1.0" encoding="UTF-8" ?>
<XMLDB PATH="admin/tool/cohortroles/db" VERSION="20151201" COMMENT="XMLDB file for Moodle admin/tool/cohortroles"
    xmlns:xsi="http://www.w3.org/2001/XMLSchema-instance"
    xsi:noNamespaceSchemaLocation="../../../../lib/xmldb/xmldb.xsd"
>
  <TABLES>
    <TABLE NAME="tool_cohortroles" COMMENT="Mapping of users to cohort role assignments.">
      <FIELDS>
        <FIELD NAME="id" TYPE="int" LENGTH="10" NOTNULL="true" SEQUENCE="true"/>
        <FIELD NAME="cohortid" TYPE="int" LENGTH="10" NOTNULL="true" SEQUENCE="false" COMMENT="The cohort to sync"/>
        <FIELD NAME="roleid" TYPE="int" LENGTH="10" NOTNULL="true" SEQUENCE="false" COMMENT="The role to assign"/>
        <FIELD NAME="userid" TYPE="int" LENGTH="10" NOTNULL="true" SEQUENCE="false" COMMENT="The user to sync"/>
        <FIELD NAME="timecreated" TYPE="int" LENGTH="10" NOTNULL="true" SEQUENCE="false" COMMENT="The time this record was created"/>
        <FIELD NAME="timemodified" TYPE="int" LENGTH="10" NOTNULL="true" SEQUENCE="false" COMMENT="The time this record was modified."/>
        <FIELD NAME="usermodified" TYPE="int" LENGTH="10" NOTNULL="false" SEQUENCE="false" COMMENT="Who last modified this record?"/>
      </FIELDS>
      <KEYS>
        <KEY NAME="primary" TYPE="primary" FIELDS="id"/>
      </KEYS>
      <INDEXES>
        <INDEX NAME="cohortuserrole" UNIQUE="true" FIELDS="cohortid, roleid, userid"/>
      </INDEXES>
    </TABLE>
  </TABLES>
</XMLDB>
